<assembly xmlns="http://maven.apache.org/ASSEMBLY/2.0.0"
	xmlns:xsi="http://www.w3.org/2001/XMLSchema-instance"
	xsi:schemaLocation="http://maven.apache.org/ASSEMBLY/2.0.0 http://maven.apache.org/xsd/assembly-2.0.0.xsd">
	<id>jar-with-licenses</id>

	<!--
	 * Copyright (c) 2018, 2019 Bosch Software Innovations GmbH and others.
	 *
	 * All rights reserved. This program and the accompanying materials
	 * are made available under the terms of the Eclipse Public License v2.0
	 * and Eclipse Distribution License v1.0 which accompany this distribution.
	 * 
	 * The Eclipse Public License is available at
	 *    http://www.eclipse.org/legal/epl-v20.html
	 * and the Eclipse Distribution License is available at
	 *    http://www.eclipse.org/org/documents/edl-v10.html.
	 *
	 * Contributors:
	 *    Bosch Software Innovations GmbH - initial implementation
	 *                                      derived from enhanced-jar-with-dependencies.xml
	-->

	<!-- This descriptor behave like maven "jar-without-dependency" except the 
		californium-legal dependency and it ensure that current module files
		have always priority on dependency files in case of duplicate.
		It's intended for jars, which are deployed into a public repository -->
	<formats>
		<format>jar</format>
	</formats>
	<includeBaseDirectory>false</includeBaseDirectory>
	<fileSets>
		<fileSet>
			<directory>${project.build.outputDirectory}</directory>
			<outputDirectory/>
		</fileSet>
		<fileSet>
			<directory>${project.build.directory}/generated-resources</directory>
			<outputDirectory>licenses</outputDirectory>
			<useDefaultExcludes>false</useDefaultExcludes>
		</fileSet>
	</fileSets>
	<dependencySets>
		<dependencySet>
			<scope>runtime</scope>
			<includes>
				<include>org.eclipse.californium:californium-legal</include>
			</includes>
			<outputDirectory>/META-INF/legal</outputDirectory>
			<useProjectArtifact>false</useProjectArtifact>
			<unpack>true</unpack>
			<unpackOptions>
				<excludes>
					<exclude>META-INF/**</exclude>
				</excludes>
			</unpackOptions>
		</dependencySet>
	</dependencySets>
</assembly>