<configuration>

	<appender name="STDOUT" class="ch.qos.logback.core.ConsoleAppender">
		<!-- encoders are assigned the type ch.qos.logback.classic.encoder.PatternLayoutEncoder 
			by default -->
		<encoder>
			<pattern>%d{HH:mm:ss.SSS} %level [%logger{0}]: %msg%n</pattern>
		</encoder>
	</appender>

	<logger name="ch.qos.logback" level="ERROR" additivity="false">
		<appender-ref ref="STDOUT" />
	</logger>

	<!-- Strictly speaking, the level attribute is not necessary since -->
	<!-- the level of the root level is set to DEBUG by default. -->
	<root level="WARN">
		<appender-ref ref="STDOUT" />
	</root>

</configuration>
