<configuration>

	<appender name="STDOUT" class="ch.qos.logback.core.ConsoleAppender">
		<!-- encoders are assigned the type ch.qos.logback.classic.encoder.PatternLayoutEncoder 
			by default -->
		<encoder>
			<pattern>%d{HH:mm:ss.SSS} %level [%logger{0}]: %msg%n</pattern>
		</encoder>
	</appender>

	<appender name="FILE" class="ch.qos.logback.core.rolling.RollingFileAppender">
		<file>logs/statistics.log</file>
		<rollingPolicy class="ch.qos.logback.core.rolling.SizeAndTimeBasedRollingPolicy">
			<!-- roll-over monthly, or if filesize exceeds -->
			<fileNamePattern>logs/statistics-%d{yyyy-MM}.%i.log</fileNamePattern>
			<!-- each file should be at most 10MB, keep 200 files worth of history, but at most 2GB -->
			<maxFileSize>5MB</maxFileSize>
			<maxHistory>200</maxHistory>
			<totalSizeCap>1GB</totalSizeCap>
		</rollingPolicy>

		<encoder>
			<!-- use tab to separate timestamp from message -->
			<pattern>[%date{yyyy-MM-dd HH:mm:ss}]\t%msg%n</pattern>
		</encoder>
	</appender>

	<appender name="ERROR_FILE" class="ch.qos.logback.core.rolling.RollingFileAppender">
		<file>logs/error.log</file>
		<filter class="ch.qos.logback.classic.filter.ThresholdFilter">
			<level>WARN</level>
		</filter>
		<rollingPolicy class="ch.qos.logback.core.rolling.SizeAndTimeBasedRollingPolicy">
			<!-- roll-over monthly, or if filesize exceeds -->
			<fileNamePattern>logs/error-%d{yyyy-MM}.%i.log</fileNamePattern>
			<!-- each file should be at most 5MB, keep 200 files worth of history, but at most 1GB -->
			<maxFileSize>5MB</maxFileSize>
			<maxHistory>200</maxHistory>
			<totalSizeCap>1GB</totalSizeCap>
		</rollingPolicy>

		<encoder>
			<!-- use tab to separate timestamp from message -->
			<pattern>[%date{yyyy-MM-dd HH:mm:ss}]\t%msg%n</pattern>
		</encoder>
	</appender>

	<appender name="STDOUT_SIMPLE" class="ch.qos.logback.core.ConsoleAppender">
		<!-- encoders are assigned the type ch.qos.logback.classic.encoder.PatternLayoutEncoder 
			by default -->
		<encoder>
			<pattern>%d{HH:mm:ss.SSS}: %msg%n</pattern>
		</encoder>
	</appender>

	<logger name="org.eclipse.californium.extplugtests.statistics.file" level="INFO" >
		<appender-ref ref="FILE" />
	</logger>

	<logger name="org.eclipse.californium.elements.util.ExecutorsUtil" level="DEBUG" additivity="false">
		<appender-ref ref="STDOUT" />
	</logger>

	<logger name="org.eclipse.californium.core.network.stack.BlockwiseLayer" level="WARN" additivity="false">
		<appender-ref ref="STDOUT" />
	</logger>

	<logger name="org.eclipse.californium.scandium.dtls.Connection.owner" level="DEBUG" additivity="false">
		<appender-ref ref="STDOUT_SIMPLE" />
	</logger>

	<logger name="org.eclipse.californium.extplugtests.statistics" level="INFO" additivity="false" >
		<appender-ref ref="STDOUT_SIMPLE" />
	</logger>

	<logger name="org.eclipse.californium.core.network.interceptors.HealthStatisticLogger" level="DEBUG" additivity="false">
		<appender-ref ref="STDOUT_SIMPLE" />
	</logger>

	<logger name="org.eclipse.californium.core.network.stack.congestioncontrol.CongestionStatisticLogger" level="WARN" additivity="false">
		<appender-ref ref="STDOUT_SIMPLE" />
	</logger>

	<logger name="org.eclipse.californium.unixhealth.NetStatLogger" level="DEBUG" additivity="false">
		<appender-ref ref="STDOUT_SIMPLE" />
	</logger>

	<logger name="org.eclipse.californium.plugtests.ClientInitializer" level="INFO" additivity="false" >
		<appender-ref ref="STDOUT_SIMPLE" />
	</logger>

	<logger name="org.eclipse.californium.extplugtests.BenchmarkClient" level="INFO" additivity="false" >
		<appender-ref ref="STDOUT_SIMPLE" />
	</logger>

	<logger name="ch.qos.logback" level="ERROR" additivity="false">
		<appender-ref ref="STDOUT" />
	</logger>

	<root level="WARN" >
		<appender-ref ref="STDOUT" />
		<appender-ref ref="ERROR_FILE" />
	</root>

</configuration>
